{
    "還元率（マンション共通）（％）": 65.0227655774407,
    "あなたが負担金なく取得できる専有面積（平米）": 49.807438432319564,
    "その分譲価格換算（円）": 113198724,
    "あなたが建替前と同じ面積を取得する場合に必要な負担金（円）": 42624530
}