{
    "還元率（マンション共通・%）": 65.0227655774407,
    "取得できる専有面積（平米）": 49.807438432319564,
    "その換算売却価格（円）": 113198724,
    "同面積取得に必要な負担額（円）": 42624530
}